id,firstName,lastName,maidenName,age,gender,email,phone,username,password,birthDate,image,bloodGroup,height,weight,eyeColor,macAddress,university,crypto
1,Terry,Medhurst,Smitham,50,male,atuny0@sohu.com,+63 791 675 8914,atuny0,9uQFF1Lh,2000-12-25,https://robohash.org/Terry.png?set=set4,A-,189,75.4,Green,13:69:BA:56:A3:74,Capitol University,"{'coin': 'Bitcoin', 'wallet': '0xb9fc2fe63b2a6c003f1c324c3bfa53259162181a', 'network': 'Ethereum (ERC20)'}"
2,Sheldon,Quigley,Cole,28,male,hbingley1@plala.or.jp,+7 813 117 7139,hbingley1,CQutx25i8r,2003-08-02,https://robohash.org/Sheldon.png?set=set4,O+,187,74,Brown,13:F1:00:DA:A4:12,Stavropol State Technical University,"{'coin': 'Bitcoin', 'wallet': '0xb9fc2fe63b2a6c003f1c324c3bfa53259162181a', 'network': 'Ethereum (ERC20)'}"
3,Terrill,Hills,Hoeger,38,male,rshawe2@51.la,+63 739 292 7942,rshawe2,OWsTbMUgFc,1992-12-30,https://robohash.org/Terrill.png?set=set4,A-,200,105.3,Gray,F2:88:58:64:F7:76,University of Cagayan Valley,"{'coin': 'Bitcoin', 'wallet': '0xb9fc4b4b855bc44eb30d5e36fd18f491f44a15b7', 'network': 'Ethereum (ERC20)'}"
4,Miles,Cummerata,Maggio,49,male,yraigatt3@nature.com,+86 461 145 4186,yraigatt3,sRQxjPfdS,1969-01-16,https://robohash.org/Miles.png?set=set4,B+,157,95.9,Gray,03:45:58:59:5A:7B,Shenyang Pharmaceutical University,"{'coin': 'Bitcoin', 'wallet': '0xb9fc4b4b855bc44eb30d5e36fd18f491f44a15b7', 'network': 'Ethereum (ERC20)'}"
5,Mavis,Schultz,Yundt,38,male,kmeus4@upenn.edu,+372 285 771 1911,kmeus4,aUTdmmmbH,1968-11-03,https://robohash.org/Mavis.png?set=set4,O+,188,106.3,Brown,F8:04:9E:ED:C0:68,Estonian University of Life Sciences,"{'coin': 'Bitcoin', 'wallet': '0xb9fc2fe63b2a6c003f1c324c3bfa53259162181a', 'network': 'Ethereum (ERC20)'}"
6,Alison,Reichert,Franecki,21,female,jtreleven5@nhs.uk,+351 527 735 3642,jtreleven5,zY1nE46Zm,1969-07-21,https://robohash.org/Alison.png?set=set4,A+,149,105.7,Amber,6C:34:D0:4B:4E:81,Universidade da Beira Interior,"{'coin': 'Bitcoin', 'wallet': '0xb9fc2fe63b2a6c003f1c324c3bfa53259162181a', 'network': 'Ethereum (ERC20)'}"
7,Oleta,Abbott,Wyman,31,female,dpettegre6@columbia.edu,+62 640 802 7111,dpettegre6,YVmhktgYVS,1982-02-21,https://robohash.org/Oleta.png?set=set4,B-,172,78.1,Blue,48:2D:A0:67:19:E0,Institut Sains dan Teknologi Al Kamal,"{'coin': 'Bitcoin', 'wallet': '0xb9fc2fe63b2a6c003f1c324c3bfa53259162181a', 'network': 'Ethereum (ERC20)'}"
8,Ewell,Mueller,Durgan,29,male,ggude7@chron.com,+86 946 297 2275,ggude7,MWwlaeWcOoF6,1964-08-24,https://robohash.org/Ewell.png?set=set4,A-,146,52.1,Blue,72:DA:1B:D7:30:E9,Wenzhou Medical College,"{'coin': 'Bitcoin', 'wallet': '0xb9fc4b4b855bc44eb30d5e36fd18f491f44a15b7', 'network': 'Ethereum (ERC20)'}"
9,Demetrius,Corkery,Gleason,22,male,nloiterton8@aol.com,+86 356 590 9727,nloiterton8,HTQxxXV9Bq4,1971-03-11,https://robohash.org/Demetrius.png?set=set4,A+,170,97.1,Green,98:EE:94:A2:91:C4,Nanjing University of Economics,"{'coin': 'Bitcoin', 'wallet': '0xb9fc4b4b855bc44eb30d5e36fd18f491f44a15b7', 'network': 'Ethereum (ERC20)'}"
10,Eleanora,Price,Cummings,37,female,umcgourty9@jalbum.net,+60 184 408 0824,umcgourty9,i0xzpX,1958-08-11,https://robohash.org/Eleanora.png?set=set4,O+,198,48,Blue,BC:A9:D8:98:CB:0B,Melaka City Polytechnic,"{'coin': 'Bitcoin', 'wallet': '0xb9fe6979a82fb43fdd9ba9f446846dc4dfca3deb', 'network': 'Ethereum (ERC20)'}"
11,Marcel,Jones,Smith,39,male,acharlota@liveinternet.ru,+967 253 210 0344,acharlota,M9lbMdydMN,1961-09-12,https://robohash.org/Marcel.png?set=set4,B-,203,63.7,Amber,59:E8:70:5A:E5:D6,Hodeidah University,"{'coin': 'Bitcoin', 'wallet': '0xb9fe6979a82fb43fdd9ba9f446846dc4dfca3deb', 'network': 'Ethereum (ERC20)'}"
12,Assunta,Rath,Heller,42,female,rhallawellb@dropbox.com,+380 962 542 6549,rhallawellb,esTkitT1r,1990-12-14,https://robohash.org/Assunta.png?set=set4,O-,168,96.8,Gray,9B:DC:21:C2:30:A3,Kiev Slavonic University,"{'coin': 'Bitcoin', 'wallet': '0xb9fc4b4b855bc44eb30d5e36fd18f491f44a15b7', 'network': 'Ethereum (ERC20)'}"
13,Trace,Douglas,Lemke,26,male,lgribbinc@posterous.com,+1 609 937 3468,lgribbinc,ftGj8LZTtv9g,1967-07-23,https://robohash.org/Trace.png?set=set4,O+,181,56.5,Amber,B9:21:ED:9F:B8:9E,Dallas Christian College,"{'coin': 'Bitcoin', 'wallet': '0xb9fc4b4b855bc44eb30d5e36fd18f491f44a15b7', 'network': 'Ethereum (ERC20)'}"
14,Enoch,Lynch,Heidenreich,21,male,mturleyd@tumblr.com,+94 912 100 5118,mturleyd,GyLnCB8gNIp,1979-08-25,https://robohash.org/Enoch.png?set=set4,O+,150,100.3,Green,52:11:E1:31:35:C1,University of Sri Jayawardenapura,"{'coin': 'Bitcoin', 'wallet': '0xb9fc2fe63b2a6c003f1c324c3bfa53259162181a', 'network': 'Ethereum (ERC20)'}"
15,Jeanne,Halvorson,Cummerata,26,female,kminchelle@qq.com,+86 581 108 7855,kminchelle,0lelplR,1996-02-02,https://robohash.org/Jeanne.png?set=set4,A+,176,45.7,Amber,D9:DB:D9:5A:01:09,"Donghua University, Shanghai","{'coin': 'Bitcoin', 'wallet': '0xb9fc1004bfe7702de522516cf34a5da41c4ef2b5', 'network': 'Ethereum (ERC20)'}"
16,Trycia,Fadel,Rosenbaum,41,female,dpierrof@vimeo.com,+420 833 708 0340,dpierrof,Vru55Y4tufI4,1963-07-03,https://robohash.org/Trycia.png?set=set4,B+,166,87.2,Gray,3D:21:5B:9F:76:FF,Technical University of Mining and Metallurgy Ostrava,"{'coin': 'Bitcoin', 'wallet': '0xb9fc4b4b855bc44eb30d5e36fd18f491f44a15b7', 'network': 'Ethereum (ERC20)'}"
17,Bradford,Prohaska,Bins,43,male,vcholdcroftg@ucoz.com,+420 874 628 3710,vcholdcroftg,mSPzYZfR,1975-10-20,https://robohash.org/Bradford.png?set=set4,O-,199,94.3,Brown,47:FA:F7:94:7B:5D,Technical University of Mining and Metallurgy Ostrava,"{'coin': 'Bitcoin', 'wallet': '0xb9fc4b4b855bc44eb30d5e36fd18f491f44a15b7', 'network': 'Ethereum (ERC20)'}"
18,Arely,Skiles,Monahan,42,male,sberminghamh@chron.com,+55 886 766 8617,sberminghamh,cAjfb8vg,1958-02-05,https://robohash.org/Arely.png?set=set4,AB-,192,97,Amber,61:0C:8F:92:48:D5,Universidade Estadual do Ceará,"{'coin': 'Bitcoin', 'wallet': '0xb9fc4b4b855bc44eb30d5e36fd18f491f44a15b7', 'network': 'Ethereum (ERC20)'}"
19,Gust,Purdy,Abshire,46,male,bleveragei@so-net.ne.jp,+86 886 889 0258,bleveragei,UZGAiqPqWQHQ,1989-10-15,https://robohash.org/Gust.png?set=set4,A-,167,65.3,Amber,22:98:8D:97:2D:AE,Xinjiang University,"{'coin': 'Bitcoin', 'wallet': '0xb9fc2fe63b2a6c003f1c324c3bfa53259162181a', 'network': 'Ethereum (ERC20)'}"
20,Lenna,Renner,Schumm,41,female,aeatockj@psu.edu,+1 904 601 7177,aeatockj,szWAG6hc,1980-01-19,https://robohash.org/Lenna.png?set=set4,O-,175,68,Green,ED:64:AE:91:49:C9,Moraine Valley Community College,"{'coin': 'Bitcoin', 'wallet': '0xb9fc4b4b855bc44eb30d5e36fd18f491f44a15b7', 'network': 'Ethereum (ERC20)'}"
21,Doyle,Ernser,Feeney,23,male,ckensleyk@pen.io,+86 634 419 6839,ckensleyk,tq7kPXyf,1983-01-22,https://robohash.org/Doyle.png?set=set4,A-,173,69.9,Brown,E2:5A:A5:85:9B:6D,Nanjing University of Traditional Chinese Medicine,"{'coin': 'Bitcoin', 'wallet': '0xb9fc4b4b855bc44eb30d5e36fd18f491f44a15b7', 'network': 'Ethereum (ERC20)'}"
22,Tressa,Weber,Williamson,41,female,froachel@howstuffworks.com,+34 517 104 6248,froachel,rfVSKImC,1987-11-11,https://robohash.org/Tressa.png?set=set4,B-,164,87.1,Green,A4:8B:56:BC:ED:98,Universitat Rámon Llull,"{'coin': 'Bitcoin', 'wallet': '0xb9fe6979a82fb43fdd9ba9f446846dc4dfca3deb', 'network': 'Ethereum (ERC20)'}"
23,Felicity,O'Reilly,Rosenbaum,46,female,beykelhofm@wikispaces.com,+63 919 564 1690,beykelhofm,zQwaHTHbuZyr,1967-10-05,https://robohash.org/Felicity.png?set=set4,O-,151,96.7,Brown,4D:AB:8D:9A:E5:02,University of lloilo,"{'coin': 'Bitcoin', 'wallet': '0xb9fc4b4b855bc44eb30d5e36fd18f491f44a15b7', 'network': 'Ethereum (ERC20)'}"
24,Jocelyn,Schuster,Dooley,19,male,brickeardn@fema.gov,+7 968 462 1292,brickeardn,bMQnPttV,1966-06-02,https://robohash.org/Jocelyn.png?set=set4,O+,166,93.3,Brown,AF:AA:20:8E:CA:CD,Bashkir State Medical University,"{'coin': 'Bitcoin', 'wallet': '0xb9fc1004bfe7702de522516cf34a5da41c4ef2b5', 'network': 'Ethereum (ERC20)'}"
25,Edwina,Ernser,Kiehn,21,female,dfundello@amazon.co.jp,+86 376 986 8945,dfundello,k9zgV68UKw8m,2000-09-28,https://robohash.org/Edwina.png?set=set4,O+,180,102.1,Blue,EC:59:D3:FC:65:92,Wuhan University of Technology,"{'coin': 'Bitcoin', 'wallet': '0xb9fc1004bfe7702de522516cf34a5da41c4ef2b5', 'network': 'Ethereum (ERC20)'}"
26,Griffin,Braun,Deckow,35,male,lgronaverp@cornell.edu,+62 511 790 0161,lgronaverp,4a1dAKDv9KB9,1965-09-06,https://robohash.org/Griffin.png?set=set4,O-,146,65.5,Blue,34:06:26:95:37:D6,Universitas Bojonegoro,"{'coin': 'Bitcoin', 'wallet': '0xb9fc2fe63b2a6c003f1c324c3bfa53259162181a', 'network': 'Ethereum (ERC20)'}"
27,Piper,Schowalter,Wuckert,47,female,fokillq@amazon.co.jp,+60 785 960 7918,fokillq,xZnWSWnqH,1983-06-07,https://robohash.org/Piper.png?set=set4,A-,197,71.5,Brown,1F:42:5D:8C:66:3D,Sultanah Bahiyah Polytechnic,"{'coin': 'Bitcoin', 'wallet': '0xb9fc2fe63b2a6c003f1c324c3bfa53259162181a', 'network': 'Ethereum (ERC20)'}"
28,Kody,Terry,Larkin,28,male,xisherwoodr@ask.com,+81 859 545 8951,xisherwoodr,HLDqN5vCF,1979-01-09,https://robohash.org/Kody.png?set=set4,B-,172,90.2,Blue,B4:B6:17:3C:41:E5,Science University of Tokyo,"{'coin': 'Bitcoin', 'wallet': '0xb9fc4b4b855bc44eb30d5e36fd18f491f44a15b7', 'network': 'Ethereum (ERC20)'}"
29,Macy,Greenfelder,Koepp,45,female,jissetts@hostgator.com,+81 915 649 2384,jissetts,ePawWgrnZR8L,1976-09-07,https://robohash.org/Macy.png?set=set4,A-,166,93.7,Amber,D7:14:C5:45:69:C1,Fuji Women's College,"{'coin': 'Bitcoin', 'wallet': '0xb9fc4b4b855bc44eb30d5e36fd18f491f44a15b7', 'network': 'Ethereum (ERC20)'}"
30,Maurine,Stracke,Abshire,31,female,kdulyt@umich.edu,+48 143 590 6847,kdulyt,5t6q4KC7O,1964-12-18,https://robohash.org/Maurine.png?set=set4,O-,170,107.2,Blue,42:87:72:A1:4D:9A,Poznan School of Banking,"{'coin': 'Bitcoin', 'wallet': '0xb9fc1004bfe7702de522516cf34a5da41c4ef2b5', 'network': 'Ethereum (ERC20)'}"
